<?xml version='1.0' encoding='UTF-8'?>
<!--Copyright (C) 2020 The Android Open Source Project

Licensed under the Apache License, Version 2.0 (the "License");
you may not use this file except in compliance with the License.
You may obtain a copy of the License at

  http://www.apache.org/licenses/LICENSE-2.0

Unless required by applicable law or agreed to in writing, software
distributed under the License is distributed on an "AS IS" BASIS,
WITHOUT WARRANTIES OR CONDITIONS OF ANY KIND, either express or implied.
See the License for the specific language governing permissions and
limitations under the License.-->
<!--THIS FILE IS AUTO GENERATED, DO NOT EDIT MANUALLY.-->
<resources>
  <overlayable name="car-ui-lib">
    <policy type="public">
      <item type="array" name="car_ui_ime_wide_screen_allowed_package_list"/>
      <item type="attr" name="CarUiToolbarStyle"/>
      <item type="attr" name="barrierDirection"/>
      <item type="attr" name="carUiPreferenceStyle"/>
      <item type="attr" name="carUiRecyclerViewStyle"/>
      <item type="attr" name="chainUseRtl"/>
      <item type="attr" name="constraintSet"/>
      <item type="attr" name="constraint_referenced_ids"/>
      <item type="attr" name="layout_constraintBaseline_creator"/>
      <item type="attr" name="layout_constraintBaseline_toBaselineOf"/>
      <item type="attr" name="layout_constraintBottom_creator"/>
      <item type="attr" name="layout_constraintBottom_toBottomOf"/>
      <item type="attr" name="layout_constraintBottom_toTopOf"/>
      <item type="attr" name="layout_constraintDimensionRatio"/>
      <item type="attr" name="layout_constraintEnd_toEndOf"/>
      <item type="attr" name="layout_constraintEnd_toStartOf"/>
      <item type="attr" name="layout_constraintGuide_begin"/>
      <item type="attr" name="layout_constraintGuide_end"/>
      <item type="attr" name="layout_constraintGuide_percent"/>
      <item type="attr" name="layout_constraintHeight_default"/>
      <item type="attr" name="layout_constraintHeight_max"/>
      <item type="attr" name="layout_constraintHeight_min"/>
      <item type="attr" name="layout_constraintHeight_percent"/>
      <item type="attr" name="layout_constraintHorizontal_bias"/>
      <item type="attr" name="layout_constraintHorizontal_chainStyle"/>
      <item type="attr" name="layout_constraintHorizontal_weight"/>
      <item type="attr" name="layout_constraintLeft_creator"/>
      <item type="attr" name="layout_constraintLeft_toLeftOf"/>
      <item type="attr" name="layout_constraintLeft_toRightOf"/>
      <item type="attr" name="layout_constraintRight_creator"/>
      <item type="attr" name="layout_constraintRight_toLeftOf"/>
      <item type="attr" name="layout_constraintRight_toRightOf"/>
      <item type="attr" name="layout_constraintStart_toEndOf"/>
      <item type="attr" name="layout_constraintStart_toStartOf"/>
      <item type="attr" name="layout_constraintTop_creator"/>
      <item type="attr" name="layout_constraintTop_toBottomOf"/>
      <item type="attr" name="layout_constraintTop_toTopOf"/>
      <item type="attr" name="layout_constraintVertical_bias"/>
      <item type="attr" name="layout_constraintVertical_chainStyle"/>
      <item type="attr" name="layout_constraintVertical_weight"/>
      <item type="attr" name="layout_constraintWidth_default"/>
      <item type="attr" name="layout_constraintWidth_max"/>
      <item type="attr" name="layout_constraintWidth_min"/>
      <item type="attr" name="layout_constraintWidth_percent"/>
      <item type="attr" name="layout_editor_absoluteX"/>
      <item type="attr" name="layout_editor_absoluteY"/>
      <item type="attr" name="layout_goneMarginBottom"/>
      <item type="attr" name="layout_goneMarginEnd"/>
      <item type="attr" name="layout_goneMarginLeft"/>
      <item type="attr" name="layout_goneMarginRight"/>
      <item type="attr" name="layout_goneMarginStart"/>
      <item type="attr" name="layout_goneMarginTop"/>
      <item type="attr" name="layout_optimizationLevel"/>
      <item type="attr" name="state_ux_restricted"/>
      <item type="attr" name="title"/>
      <item type="bool" name="car_ui_alert_dialog_force_dismiss_button"/>
      <item type="bool" name="car_ui_clear_focus_area_history_when_rotating"/>
      <item type="bool" name="car_ui_enable_focus_area_background_highlight"/>
      <item type="bool" name="car_ui_enable_focus_area_foreground_highlight"/>
      <item type="bool" name="car_ui_escrow_check_components_automatically"/>
      <item type="bool" name="car_ui_focus_area_default_focus_overrides_history"/>
      <item type="bool" name="car_ui_ime_wide_screen_aligned_left"/>
      <item type="bool" name="car_ui_ime_wide_screen_allow_app_hide_content_area"/>
      <item type="bool" name="car_ui_list_item_single_line_title"/>
      <item type="bool" name="car_ui_preference_list_show_full_screen"/>
      <item type="bool" name="car_ui_preference_show_chevron"/>
      <item type="bool" name="car_ui_scrollbar_enable"/>
      <item type="bool" name="car_ui_toolbar_logo_fills_nav_icon_space"/>
      <item type="bool" name="car_ui_toolbar_menuitem_individual_click_listeners"/>
      <item type="bool" name="car_ui_toolbar_nav_icon_reserve_space"/>
      <item type="bool" name="car_ui_toolbar_show_logo"/>
      <item type="bool" name="car_ui_toolbar_tab_flexible_layout"/>
      <item type="bool" name="car_ui_toolbar_tabs_on_second_row"/>
      <item type="color" name="car_ui_activity_background_color"/>
      <item type="color" name="car_ui_color_accent"/>
      <item type="color" name="car_ui_dialog_icon_color"/>
      <item type="color" name="car_ui_ime_wide_screen_description_color"/>
      <item type="color" name="car_ui_ime_wide_screen_description_title_color"/>
      <item type="color" name="car_ui_ime_wide_screen_divider_color"/>
      <item type="color" name="car_ui_ime_wide_screen_error_text_color"/>
      <item type="color" name="car_ui_ime_wide_screen_search_item_sub_title_color"/>
      <item type="color" name="car_ui_ime_wide_screen_search_item_title_color"/>
      <item type="color" name="car_ui_list_item_divider"/>
      <item type="color" name="car_ui_preference_icon_color"/>
      <item type="color" name="car_ui_preference_two_action_divider_color"/>
      <item type="color" name="car_ui_recyclerview_divider_color"/>
      <item type="color" name="car_ui_ripple_color"/>
      <item type="color" name="car_ui_rotary_focus_fill_color"/>
      <item type="color" name="car_ui_rotary_focus_fill_secondary_color"/>
      <item type="color" name="car_ui_rotary_focus_pressed_fill_color"/>
      <item type="color" name="car_ui_rotary_focus_pressed_stroke_color"/>
      <item type="color" name="car_ui_rotary_focus_stroke_color"/>
      <item type="color" name="car_ui_rotary_focus_stroke_secondary_color"/>
      <item type="color" name="car_ui_scrollbar_thumb"/>
      <item type="color" name="car_ui_text_color_hint"/>
      <item type="color" name="car_ui_text_color_primary"/>
      <item type="color" name="car_ui_text_color_secondary"/>
      <item type="color" name="car_ui_toolbar_menu_item_icon_background_color"/>
      <item type="color" name="car_ui_toolbar_menu_item_icon_color"/>
      <item type="color" name="car_ui_toolbar_nav_icon_color"/>
      <item type="color" name="car_ui_toolbar_search_hint_text_color"/>
      <item type="color" name="car_ui_toolbar_tab_item_selector"/>
      <item type="color" name="car_ui_toolbar_tab_selected_color"/>
      <item type="color" name="car_ui_toolbar_tab_unselected_color"/>
      <item type="dimen" name="car_ui_body1_size"/>
      <item type="dimen" name="car_ui_body2_size"/>
      <item type="dimen" name="car_ui_body3_size"/>
      <item type="dimen" name="car_ui_button_disabled_alpha"/>
      <item type="dimen" name="car_ui_dialog_edittext_height"/>
      <item type="dimen" name="car_ui_dialog_edittext_margin_bottom"/>
      <item type="dimen" name="car_ui_dialog_edittext_margin_end"/>
      <item type="dimen" name="car_ui_dialog_edittext_margin_start"/>
      <item type="dimen" name="car_ui_dialog_edittext_margin_top"/>
      <item type="dimen" name="car_ui_dialog_icon_size"/>
      <item type="dimen" name="car_ui_dialog_title_margin"/>
      <item type="dimen" name="car_ui_divider_width"/>
      <item type="dimen" name="car_ui_header_list_item_text_start_margin"/>
      <item type="dimen" name="car_ui_ime_wide_screen_action_button_height"/>
      <item type="dimen" name="car_ui_ime_wide_screen_action_button_margin_bottom"/>
      <item type="dimen" name="car_ui_ime_wide_screen_action_button_margin_left"/>
      <item type="dimen" name="car_ui_ime_wide_screen_action_button_text_size"/>
      <item type="dimen" name="car_ui_ime_wide_screen_description_padding_top"/>
      <item type="dimen" name="car_ui_ime_wide_screen_description_text_size"/>
      <item type="dimen" name="car_ui_ime_wide_screen_description_title_margin_top"/>
      <item type="dimen" name="car_ui_ime_wide_screen_description_title_padding_left"/>
      <item type="dimen" name="car_ui_ime_wide_screen_description_title_text_size"/>
      <item type="dimen" name="car_ui_ime_wide_screen_divider_width"/>
      <item type="dimen" name="car_ui_ime_wide_screen_error_text_padding_start"/>
      <item type="dimen" name="car_ui_ime_wide_screen_error_text_size"/>
      <item type="dimen" name="car_ui_ime_wide_screen_input_area_height"/>
      <item type="dimen" name="car_ui_ime_wide_screen_input_area_margin_top"/>
      <item type="dimen" name="car_ui_ime_wide_screen_input_edit_text_padding_left"/>
      <item type="dimen" name="car_ui_ime_wide_screen_input_edit_text_padding_right"/>
      <item type="dimen" name="car_ui_ime_wide_screen_input_edit_text_size"/>
      <item type="dimen" name="car_ui_ime_wide_screen_input_padding_start"/>
      <item type="dimen" name="car_ui_ime_wide_screen_keyboard_area_padding_bottom"/>
      <item type="dimen" name="car_ui_ime_wide_screen_keyboard_area_padding_end"/>
      <item type="dimen" name="car_ui_ime_wide_screen_keyboard_area_padding_start"/>
      <item type="dimen" name="car_ui_ime_wide_screen_keyboard_width"/>
      <item type="dimen" name="car_ui_ime_wide_screen_recycler_view_padding_top"/>
      <item type="dimen" name="car_ui_ime_wide_search_item_icon_size"/>
      <item type="dimen" name="car_ui_ime_wide_search_item_secondary_image_padding_left"/>
      <item type="dimen" name="car_ui_ime_wide_search_item_sub_title_padding_left"/>
      <item type="dimen" name="car_ui_ime_wide_search_item_sub_title_padding_top"/>
      <item type="dimen" name="car_ui_ime_wide_search_item_sub_title_text_size"/>
      <item type="dimen" name="car_ui_ime_wide_search_item_title_padding_left"/>
      <item type="dimen" name="car_ui_ime_wide_search_item_title_padding_top"/>
      <item type="dimen" name="car_ui_ime_wide_search_item_title_text_size"/>
      <item type="dimen" name="car_ui_list_item_action_divider_height"/>
      <item type="dimen" name="car_ui_list_item_action_divider_width"/>
      <item type="dimen" name="car_ui_list_item_avatar_icon_height"/>
      <item type="dimen" name="car_ui_list_item_avatar_icon_width"/>
      <item type="dimen" name="car_ui_list_item_check_box_end_inset"/>
      <item type="dimen" name="car_ui_list_item_check_box_height"/>
      <item type="dimen" name="car_ui_list_item_check_box_icon_container_width"/>
      <item type="dimen" name="car_ui_list_item_check_box_start_inset"/>
      <item type="dimen" name="car_ui_list_item_content_icon_height"/>
      <item type="dimen" name="car_ui_list_item_content_icon_width"/>
      <item type="dimen" name="car_ui_list_item_end_inset"/>
      <item type="dimen" name="car_ui_list_item_header_height"/>
      <item type="dimen" name="car_ui_list_item_header_start_inset"/>
      <item type="dimen" name="car_ui_list_item_height"/>
      <item type="dimen" name="car_ui_list_item_icon_container_width"/>
      <item type="dimen" name="car_ui_list_item_icon_size"/>
      <item type="dimen" name="car_ui_list_item_radio_button_end_inset"/>
      <item type="dimen" name="car_ui_list_item_radio_button_height"/>
      <item type="dimen" name="car_ui_list_item_radio_button_icon_container_width"/>
      <item type="dimen" name="car_ui_list_item_radio_button_start_inset"/>
      <item type="dimen" name="car_ui_list_item_start_inset"/>
      <item type="dimen" name="car_ui_list_item_supplemental_icon_size"/>
      <item type="dimen" name="car_ui_list_item_text_no_icon_start_margin"/>
      <item type="dimen" name="car_ui_list_item_text_start_margin"/>
      <item type="dimen" name="car_ui_margin"/>
      <item type="dimen" name="car_ui_padding_0"/>
      <item type="dimen" name="car_ui_padding_1"/>
      <item type="dimen" name="car_ui_padding_2"/>
      <item type="dimen" name="car_ui_padding_3"/>
      <item type="dimen" name="car_ui_padding_4"/>
      <item type="dimen" name="car_ui_padding_5"/>
      <item type="dimen" name="car_ui_padding_6"/>
      <item type="dimen" name="car_ui_preference_category_icon_margin_end"/>
      <item type="dimen" name="car_ui_preference_category_icon_size"/>
      <item type="dimen" name="car_ui_preference_category_min_height"/>
      <item type="dimen" name="car_ui_preference_content_margin_bottom"/>
      <item type="dimen" name="car_ui_preference_content_margin_top"/>
      <item type="dimen" name="car_ui_preference_dropdown_padding_start"/>
      <item type="dimen" name="car_ui_preference_edit_text_dialog_margin_bottom"/>
      <item type="dimen" name="car_ui_preference_edit_text_dialog_margin_top"/>
      <item type="dimen" name="car_ui_preference_edit_text_dialog_message_margin_bottom"/>
      <item type="dimen" name="car_ui_preference_edit_text_dialog_message_margin_end"/>
      <item type="dimen" name="car_ui_preference_edit_text_dialog_message_margin_start"/>
      <item type="dimen" name="car_ui_preference_edit_text_dialog_text_margin_end"/>
      <item type="dimen" name="car_ui_preference_edit_text_dialog_text_margin_start"/>
      <item type="dimen" name="car_ui_preference_icon_margin_end"/>
      <item type="dimen" name="car_ui_preference_icon_size"/>
      <item type="dimen" name="car_ui_primary_icon_size"/>
      <item type="dimen" name="car_ui_recyclerview_divider_bottom_margin"/>
      <item type="dimen" name="car_ui_recyclerview_divider_end_margin"/>
      <item type="dimen" name="car_ui_recyclerview_divider_height"/>
      <item type="dimen" name="car_ui_recyclerview_divider_start_margin"/>
      <item type="dimen" name="car_ui_recyclerview_divider_top_margin"/>
      <item type="dimen" name="car_ui_rotary_focus_pressed_stroke_width"/>
      <item type="dimen" name="car_ui_rotary_focus_stroke_width"/>
      <item type="dimen" name="car_ui_scrollbar_button_size"/>
      <item type="dimen" name="car_ui_scrollbar_container_width"/>
      <item type="dimen" name="car_ui_scrollbar_decelerate_interpolator_factor"/>
      <item type="dimen" name="car_ui_scrollbar_deceleration_times_divisor"/>
      <item type="dimen" name="car_ui_scrollbar_margin"/>
      <item type="dimen" name="car_ui_scrollbar_milliseconds_per_inch"/>
      <item type="dimen" name="car_ui_scrollbar_min_thumb_height"/>
      <item type="dimen" name="car_ui_scrollbar_padding_bottom"/>
      <item type="dimen" name="car_ui_scrollbar_padding_top"/>
      <item type="dimen" name="car_ui_scrollbar_separator_margin"/>
      <item type="dimen" name="car_ui_scrollbar_thumb_radius"/>
      <item type="dimen" name="car_ui_scrollbar_thumb_width"/>
      <item type="dimen" name="car_ui_sub1_size"/>
      <item type="dimen" name="car_ui_sub2_size"/>
      <item type="dimen" name="car_ui_sub3_size"/>
      <item type="dimen" name="car_ui_toolbar_bottom_inset"/>
      <item type="dimen" name="car_ui_toolbar_bottom_view_height"/>
      <item type="dimen" name="car_ui_toolbar_end_inset"/>
      <item type="dimen" name="car_ui_toolbar_first_row_height"/>
      <item type="dimen" name="car_ui_toolbar_logo_size"/>
      <item type="dimen" name="car_ui_toolbar_margin"/>
      <item type="dimen" name="car_ui_toolbar_menu_item_icon_background_size"/>
      <item type="dimen" name="car_ui_toolbar_menu_item_icon_ripple_radius"/>
      <item type="dimen" name="car_ui_toolbar_menu_item_icon_size"/>
      <item type="dimen" name="car_ui_toolbar_menu_item_margin"/>
      <item type="dimen" name="car_ui_toolbar_nav_icon_size"/>
      <item type="dimen" name="car_ui_toolbar_row_height"/>
      <item type="dimen" name="car_ui_toolbar_search_close_icon_container_width"/>
      <item type="dimen" name="car_ui_toolbar_search_close_icon_size"/>
      <item type="dimen" name="car_ui_toolbar_search_height"/>
      <item type="dimen" name="car_ui_toolbar_search_search_icon_container_width"/>
      <item type="dimen" name="car_ui_toolbar_search_search_icon_size"/>
      <item type="dimen" name="car_ui_toolbar_second_row_height"/>
      <item type="dimen" name="car_ui_toolbar_separator_height"/>
      <item type="dimen" name="car_ui_toolbar_start_inset"/>
      <item type="dimen" name="car_ui_toolbar_tab_icon_height"/>
      <item type="dimen" name="car_ui_toolbar_tab_icon_width"/>
      <item type="dimen" name="car_ui_toolbar_tab_padding_x"/>
      <item type="dimen" name="car_ui_toolbar_tab_text_width"/>
      <item type="dimen" name="car_ui_toolbar_title_logo_padding"/>
      <item type="dimen" name="car_ui_toolbar_title_margin_start"/>
      <item type="dimen" name="car_ui_toolbar_title_no_logo_margin_start"/>
      <item type="dimen" name="car_ui_toolbar_top_inset"/>
      <item type="dimen" name="car_ui_touch_target_height"/>
      <item type="dimen" name="car_ui_touch_target_size"/>
      <item type="dimen" name="car_ui_touch_target_width"/>
      <item type="dimen" name="wrap_content"/>
      <item type="drawable" name="car_ui_activity_background"/>
      <item type="drawable" name="car_ui_divider"/>
      <item type="drawable" name="car_ui_focus_area_background_highlight"/>
      <item type="drawable" name="car_ui_focus_area_foreground_highlight"/>
      <item type="drawable" name="car_ui_icon_add"/>
      <item type="drawable" name="car_ui_icon_arrow_back"/>
      <item type="drawable" name="car_ui_icon_close"/>
      <item type="drawable" name="car_ui_icon_delete"/>
      <item type="drawable" name="car_ui_icon_down"/>
      <item type="drawable" name="car_ui_icon_edit"/>
      <item type="drawable" name="car_ui_icon_error"/>
      <item type="drawable" name="car_ui_icon_lock"/>
      <item type="drawable" name="car_ui_icon_overflow_menu"/>
      <item type="drawable" name="car_ui_icon_save"/>
      <item type="drawable" name="car_ui_icon_search"/>
      <item type="drawable" name="car_ui_icon_search_nav_icon"/>
      <item type="drawable" name="car_ui_icon_settings"/>
      <item type="drawable" name="car_ui_ime_wide_screen_background"/>
      <item type="drawable" name="car_ui_ime_wide_screen_content_area_background"/>
      <item type="drawable" name="car_ui_ime_wide_screen_input_area_background"/>
      <item type="drawable" name="car_ui_ime_wide_screen_input_area_tint_color"/>
      <item type="drawable" name="car_ui_ime_wide_screen_input_area_tint_error_color"/>
      <item type="drawable" name="car_ui_ime_wide_screen_no_content_background"/>
      <item type="drawable" name="car_ui_list_header_background"/>
      <item type="drawable" name="car_ui_list_item_avatar_icon_outline"/>
      <item type="drawable" name="car_ui_list_item_background"/>
      <item type="drawable" name="car_ui_list_item_divider"/>
      <item type="drawable" name="car_ui_list_limiting_message_background"/>
      <item type="drawable" name="car_ui_preference_icon_chevron"/>
      <item type="drawable" name="car_ui_preference_icon_chevron_disabled"/>
      <item type="drawable" name="car_ui_preference_icon_chevron_enabled"/>
      <item type="drawable" name="car_ui_recycler_view_ime_wide_screen_thumb"/>
      <item type="drawable" name="car_ui_recyclerview_button_ripple_background"/>
      <item type="drawable" name="car_ui_recyclerview_divider"/>
      <item type="drawable" name="car_ui_recyclerview_ic_down"/>
      <item type="drawable" name="car_ui_recyclerview_ic_up"/>
      <item type="drawable" name="car_ui_recyclerview_scrollbar_thumb"/>
      <item type="drawable" name="car_ui_toolbar_background"/>
      <item type="drawable" name="car_ui_toolbar_menu_item_divider"/>
      <item type="drawable" name="car_ui_toolbar_menu_item_icon_background"/>
      <item type="drawable" name="car_ui_toolbar_menu_item_icon_ripple"/>
      <item type="drawable" name="car_ui_toolbar_search_close_icon"/>
      <item type="drawable" name="car_ui_toolbar_search_search_icon"/>
      <item type="id" name="action_container"/>
      <item type="id" name="action_container_touch_interceptor"/>
      <item type="id" name="action_divider"/>
      <item type="id" name="action_widget_container"/>
      <item type="id" name="avatar_icon"/>
      <item type="id" name="body"/>
      <item type="id" name="car_ui_alert_icon"/>
      <item type="id" name="car_ui_alert_subtitle"/>
      <item type="id" name="car_ui_alert_title"/>
      <item type="id" name="car_ui_base_layout_content_container"/>
      <item type="id" name="car_ui_closeKeyboard"/>
      <item type="id" name="car_ui_contentAreaAutomotive"/>
      <item type="id" name="car_ui_focus_area"/>
      <item type="id" name="car_ui_fullscreenArea"/>
      <item type="id" name="car_ui_imeWideScreenInputArea"/>
      <item type="id" name="car_ui_ime_surface"/>
      <item type="id" name="car_ui_inputExtractActionAutomotive"/>
      <item type="id" name="car_ui_inputExtractEditTextContainer"/>
      <item type="id" name="car_ui_list_item_end_guideline"/>
      <item type="id" name="car_ui_list_item_start_guideline"/>
      <item type="id" name="car_ui_list_limiting_message"/>
      <item type="id" name="car_ui_preference_container_without_widget"/>
      <item type="id" name="car_ui_preference_fragment_container"/>
      <item type="id" name="car_ui_recycler_view"/>
      <item type="id" name="car_ui_scroll_bar"/>
      <item type="id" name="car_ui_scrollbar_page_down"/>
      <item type="id" name="car_ui_scrollbar_page_up"/>
      <item type="id" name="car_ui_scrollbar_thumb"/>
      <item type="id" name="car_ui_scrollbar_track"/>
      <item type="id" name="car_ui_toolbar"/>
      <item type="id" name="car_ui_toolbar_background"/>
      <item type="id" name="car_ui_toolbar_bottom_guideline"/>
      <item type="id" name="car_ui_toolbar_bottom_styleable"/>
      <item type="id" name="car_ui_toolbar_end_guideline"/>
      <item type="id" name="car_ui_toolbar_logo"/>
      <item type="id" name="car_ui_toolbar_menu_item_icon"/>
      <item type="id" name="car_ui_toolbar_menu_item_icon_container"/>
      <item type="id" name="car_ui_toolbar_menu_item_switch"/>
      <item type="id" name="car_ui_toolbar_menu_item_text"/>
      <item type="id" name="car_ui_toolbar_menu_item_text_with_icon"/>
      <item type="id" name="car_ui_toolbar_menu_items_container"/>
      <item type="id" name="car_ui_toolbar_nav_icon"/>
      <item type="id" name="car_ui_toolbar_nav_icon_container"/>
      <item type="id" name="car_ui_toolbar_progress_bar"/>
      <item type="id" name="car_ui_toolbar_row_separator"/>
      <item type="id" name="car_ui_toolbar_row_separator_guideline"/>
      <item type="id" name="car_ui_toolbar_search_bar"/>
      <item type="id" name="car_ui_toolbar_search_close"/>
      <item type="id" name="car_ui_toolbar_search_icon"/>
      <item type="id" name="car_ui_toolbar_search_view_container"/>
      <item type="id" name="car_ui_toolbar_start_guideline"/>
      <item type="id" name="car_ui_toolbar_subtitle"/>
      <item type="id" name="car_ui_toolbar_tab_item_icon"/>
      <item type="id" name="car_ui_toolbar_tab_item_text"/>
      <item type="id" name="car_ui_toolbar_tabs"/>
      <item type="id" name="car_ui_toolbar_title"/>
      <item type="id" name="car_ui_toolbar_title_container"/>
      <item type="id" name="car_ui_toolbar_title_logo"/>
      <item type="id" name="car_ui_toolbar_title_logo_container"/>
      <item type="id" name="car_ui_toolbar_top_guideline"/>
      <item type="id" name="car_ui_wideScreenClearData"/>
      <item type="id" name="car_ui_wideScreenDescription"/>
      <item type="id" name="car_ui_wideScreenDescriptionTitle"/>
      <item type="id" name="car_ui_wideScreenError"/>
      <item type="id" name="car_ui_wideScreenErrorMessage"/>
      <item type="id" name="car_ui_wideScreenExtractedTextIcon"/>
      <item type="id" name="car_ui_wideScreenInputArea"/>
      <item type="id" name="car_ui_wideScreenSearchResultList"/>
      <item type="id" name="checkbox_widget"/>
      <item type="id" name="container"/>
      <item type="id" name="content_icon"/>
      <item type="id" name="icon"/>
      <item type="id" name="icon_container"/>
      <item type="id" name="list"/>
      <item type="id" name="nested_recycler_view_layout"/>
      <item type="id" name="radio_button"/>
      <item type="id" name="radio_button_widget"/>
      <item type="id" name="recycler_view"/>
      <item type="id" name="reduced_touch_interceptor"/>
      <item type="id" name="search"/>
      <item type="id" name="seek_bar"/>
      <item type="id" name="seek_bar_text_left"/>
      <item type="id" name="seek_bar_text_right"/>
      <item type="id" name="seek_bar_text_top"/>
      <item type="id" name="seekbar"/>
      <item type="id" name="seekbar_value"/>
      <item type="id" name="spinner"/>
      <item type="id" name="supplemental_icon"/>
      <item type="id" name="switch_widget"/>
      <item type="id" name="text_container"/>
      <item type="id" name="textbox"/>
      <item type="id" name="title"/>
      <item type="id" name="title_template"/>
      <item type="id" name="toolbar"/>
      <item type="id" name="touch_interceptor"/>
      <item type="integer" name="car_ui_default_max_string_length"/>
      <item type="integer" name="car_ui_focus_area_history_cache_type"/>
      <item type="integer" name="car_ui_focus_area_history_expiration_period_ms"/>
      <item type="integer" name="car_ui_focus_history_cache_type"/>
      <item type="integer" name="car_ui_focus_history_expiration_period_ms"/>
      <item type="integer" name="car_ui_scrollbar_longpress_initial_delay"/>
      <item type="integer" name="car_ui_scrollbar_longpress_repeat_interval"/>
      <item type="layout" name="car_ui_alert_dialog_edit_text"/>
      <item type="layout" name="car_ui_alert_dialog_list"/>
      <item type="layout" name="car_ui_alert_dialog_title_with_subtitle"/>
      <item type="layout" name="car_ui_base_layout"/>
      <item type="layout" name="car_ui_base_layout_toolbar"/>
      <item type="layout" name="car_ui_base_layout_toolbar_legacy"/>
      <item type="layout" name="car_ui_header_list_item"/>
      <item type="layout" name="car_ui_ims_wide_screen_input_view"/>
      <item type="layout" name="car_ui_list_item"/>
      <item type="layout" name="car_ui_list_limiting_message"/>
      <item type="layout" name="car_ui_list_preference"/>
      <item type="layout" name="car_ui_list_preference_with_toolbar"/>
      <item type="layout" name="car_ui_preference"/>
      <item type="layout" name="car_ui_preference_category"/>
      <item type="layout" name="car_ui_preference_chevron"/>
      <item type="layout" name="car_ui_preference_dialog_edittext"/>
      <item type="layout" name="car_ui_preference_dropdown"/>
      <item type="layout" name="car_ui_preference_fragment"/>
      <item type="layout" name="car_ui_preference_fragment_with_toolbar"/>
      <item type="layout" name="car_ui_preference_widget_checkbox"/>
      <item type="layout" name="car_ui_preference_widget_seekbar"/>
      <item type="layout" name="car_ui_preference_widget_switch"/>
      <item type="layout" name="car_ui_radio_button_preference_widget"/>
      <item type="layout" name="car_ui_recycler_view"/>
      <item type="layout" name="car_ui_recycler_view_item"/>
      <item type="layout" name="car_ui_recyclerview_scrollbar"/>
      <item type="layout" name="car_ui_seekbar_dialog"/>
      <item type="layout" name="car_ui_toolbar"/>
      <item type="layout" name="car_ui_toolbar_menu_item"/>
      <item type="layout" name="car_ui_toolbar_menu_item_primary"/>
      <item type="layout" name="car_ui_toolbar_search_view"/>
      <item type="layout" name="car_ui_toolbar_tab_item"/>
      <item type="layout" name="car_ui_toolbar_tab_item_flexible"/>
      <item type="layout" name="car_ui_toolbar_tab_item_layout"/>
      <item type="layout" name="car_ui_toolbar_tab_item_layout_flexible"/>
      <item type="layout" name="car_ui_toolbar_two_row"/>
      <item type="layout" name="car_ui_two_action_preference"/>
      <item type="string" name="car_ui_alert_dialog_default_button"/>
      <item type="string" name="car_ui_dialog_preference_negative"/>
      <item type="string" name="car_ui_dialog_preference_positive"/>
      <item type="string" name="car_ui_ellipsis"/>
      <item type="string" name="car_ui_ime_wide_screen_system_property_name"/>
      <item type="string" name="car_ui_installer_process_name"/>
      <item type="string" name="car_ui_preference_switch_off"/>
      <item type="string" name="car_ui_preference_switch_on"/>
      <item type="string" name="car_ui_restricted_while_driving"/>
      <item type="string" name="car_ui_scrollbar_component"/>
      <item type="string" name="car_ui_scrollbar_page_down_button"/>
      <item type="string" name="car_ui_scrollbar_page_up_button"/>
      <item type="string" name="car_ui_scrolling_limited_message"/>
      <item type="string" name="car_ui_toolbar_default_search_hint"/>
      <item type="string" name="car_ui_toolbar_menu_item_overflow_title"/>
      <item type="string" name="car_ui_toolbar_menu_item_search_title"/>
      <item type="string" name="car_ui_toolbar_menu_item_settings_title"/>
      <item type="string" name="car_ui_toolbar_nav_icon_content_description"/>
      <item type="style" name="CarUiPreferenceTheme"/>
      <item type="style" name="CarUiPreferenceTheme.WithToolbar"/>
      <item type="style" name="Preference.CarUi"/>
      <item type="style" name="Preference.CarUi.Category"/>
      <item type="style" name="Preference.CarUi.CheckBoxPreference"/>
      <item type="style" name="Preference.CarUi.DialogPreference"/>
      <item type="style" name="Preference.CarUi.DialogPreference.EditTextPreference"/>
      <item type="style" name="Preference.CarUi.DialogSeekBarPreference"/>
      <item type="style" name="Preference.CarUi.DialogSeekBarPreference.LeftText"/>
      <item type="style" name="Preference.CarUi.DialogSeekBarPreference.RightText"/>
      <item type="style" name="Preference.CarUi.DialogSeekBarPreference.Seekbar"/>
      <item type="style" name="Preference.CarUi.DialogSeekBarPreference.TopText"/>
      <item type="style" name="Preference.CarUi.Divider"/>
      <item type="style" name="Preference.CarUi.DropDown"/>
      <item type="style" name="Preference.CarUi.Icon"/>
      <item type="style" name="Preference.CarUi.Information"/>
      <item type="style" name="Preference.CarUi.Preference"/>
      <item type="style" name="Preference.CarUi.PreferenceScreen"/>
      <item type="style" name="Preference.CarUi.SeekBarPreference"/>
      <item type="style" name="Preference.CarUi.SwitchPreference"/>
      <item type="style" name="PreferenceFragment.CarUi"/>
      <item type="style" name="PreferenceFragment.CarUi.WithToolbar"/>
      <item type="style" name="PreferenceFragmentList.CarUi"/>
      <item type="style" name="TextAppearance.CarUi"/>
      <item type="style" name="TextAppearance.CarUi.AlertDialog.Subtitle"/>
      <item type="style" name="TextAppearance.CarUi.AlertDialog.Title"/>
      <item type="style" name="TextAppearance.CarUi.Body1"/>
      <item type="style" name="TextAppearance.CarUi.Body2"/>
      <item type="style" name="TextAppearance.CarUi.Body3"/>
      <item type="style" name="TextAppearance.CarUi.ListItem"/>
      <item type="style" name="TextAppearance.CarUi.ListItem.Body"/>
      <item type="style" name="TextAppearance.CarUi.ListItem.Header"/>
      <item type="style" name="TextAppearance.CarUi.PreferenceCategoryTitle"/>
      <item type="style" name="TextAppearance.CarUi.PreferenceEditTextDialogMessage"/>
      <item type="style" name="TextAppearance.CarUi.PreferenceSummary"/>
      <item type="style" name="TextAppearance.CarUi.PreferenceTitle"/>
      <item type="style" name="TextAppearance.CarUi.Sub1"/>
      <item type="style" name="TextAppearance.CarUi.Sub2"/>
      <item type="style" name="TextAppearance.CarUi.Sub3"/>
      <item type="style" name="TextAppearance.CarUi.Widget"/>
      <item type="style" name="TextAppearance.CarUi.Widget.Toolbar"/>
      <item type="style" name="TextAppearance.CarUi.Widget.Toolbar.Tab"/>
      <item type="style" name="TextAppearance.CarUi.Widget.Toolbar.Tab.Selected"/>
      <item type="style" name="TextAppearance.CarUi.Widget.Toolbar.Title"/>
      <item type="style" name="Theme.CarUi"/>
      <item type="style" name="Theme.CarUi.NoToolbar"/>
      <item type="style" name="Theme.CarUi.WithToolbar"/>
      <item type="style" name="Widget.CarUi"/>
      <item type="style" name="Widget.CarUi.AlertDialog"/>
      <item type="style" name="Widget.CarUi.AlertDialog.HeaderContainer"/>
      <item type="style" name="Widget.CarUi.AlertDialog.Icon"/>
      <item type="style" name="Widget.CarUi.AlertDialog.TitleContainer"/>
      <item type="style" name="Widget.CarUi.Button"/>
      <item type="style" name="Widget.CarUi.Button.Borderless.Colored"/>
      <item type="style" name="Widget.CarUi.CarUiRecyclerView"/>
      <item type="style" name="Widget.CarUi.SeekbarPreference"/>
      <item type="style" name="Widget.CarUi.SeekbarPreference.Seekbar"/>
      <item type="style" name="Widget.CarUi.Toolbar"/>
      <item type="style" name="Widget.CarUi.Toolbar.BottomView"/>
      <item type="style" name="Widget.CarUi.Toolbar.Container"/>
      <item type="style" name="Widget.CarUi.Toolbar.Logo"/>
      <item type="style" name="Widget.CarUi.Toolbar.LogoContainer"/>
      <item type="style" name="Widget.CarUi.Toolbar.MenuItem"/>
      <item type="style" name="Widget.CarUi.Toolbar.MenuItem.Container"/>
      <item type="style" name="Widget.CarUi.Toolbar.MenuItem.IndividualContainer"/>
      <item type="style" name="Widget.CarUi.Toolbar.NavIcon"/>
      <item type="style" name="Widget.CarUi.Toolbar.NavIconContainer"/>
      <item type="style" name="Widget.CarUi.Toolbar.ProgressBar"/>
      <item type="style" name="Widget.CarUi.Toolbar.Search.CloseIcon"/>
      <item type="style" name="Widget.CarUi.Toolbar.Search.EditText"/>
      <item type="style" name="Widget.CarUi.Toolbar.Search.SearchIcon"/>
      <item type="style" name="Widget.CarUi.Toolbar.SeparatorView"/>
      <item type="style" name="Widget.CarUi.Toolbar.Subtitle"/>
      <item type="style" name="Widget.CarUi.Toolbar.Tab"/>
      <item type="style" name="Widget.CarUi.Toolbar.Tab.Container"/>
      <item type="style" name="Widget.CarUi.Toolbar.Tab.Icon"/>
      <item type="style" name="Widget.CarUi.Toolbar.Tab.Text"/>
      <item type="style" name="Widget.CarUi.Toolbar.TextButton"/>
      <item type="style" name="Widget.CarUi.Toolbar.TextButton.WithIcon"/>
      <item type="style" name="Widget.CarUi.Toolbar.Title"/>
    </policy>
  </overlayable>
</resources>
